1,Ogier has assisted Bristows  representing Waterland Private Equity Investments  in its GBP1.1 billion acquisition of the Priory Group from Acadia Healthcare Company.
1,Ohpen already counts more than 20 top financial institutions as a customer and its hoped with the acquisition of Davinci and being able to offer a more rounded product  Ohpen can expand internationally.
1,With the incorporation of AbiliTec into IdentityLink  companies that are building in-demand products that connect different data sets  like customer data platforms (CDP)  master data management platforms and enterprise data warehouses  can offload identity resolution to a trusted  proven partner.
1,"Jenya Meydbray  CEO of PVEL  commented  ""We are thrilled to join the Kiwa Group and establish a physical presence for PVEL in the European market and beyond."
1,The addition of AbiliTec to LiveRamp’s IdentityLinkTM portfolio strengthens the world’s largest neutral and open omnichannel identity graph by ensuring all players in the ecosystem can create exceptional experiences for their customers.
1,Deloitte has acquired the management consulting arm of Iperion  a Netherlands-based life sciences group.
1,Kiwa is investing in PVEL's growth as a new member of the Kiwa Group.
1,Potentially the biggest SPAC news today is that the TPG Pace Beneficial (TPGY) / EVBox merger may be falling apart.
1,Vlijmen  The Netherlands - May 6th  2021 – Deloitte has today announced its acquisition of Iperion Life Sciences Consultancy  a dynamic globally-operating firm dedicated to transforming human medicine safety  outcomes and experiences through the application of high-quality  standardised  regulated product information in digital form.
1,Playwire Media  the largest representation firm for reaching gaming and entertainment enthusiasts online  today announced a new partnership with OrangeGames  a leading developer and publisher of gaming content.
1,This makes it a good fit for OrangeGames  which also owns the youth-targeted online advertising platform Yoki Network.
1,Scorto is pleased to announce the launch of the Turnkey Lender  a comprehensive loan management solution for online lending  which enables advanced risk management and decision automation.
1,The acquisition of Werkspot.nl by HomeAdvisor brings a strong backing to the already well-positioned company in the Netherlands.”
1,Grand Tour Nation and other press asked what the worst part of working with the ex-Top Gear presenter:
1,Deloitte has announced its acquisition of Iperion Life Sciences Consultancy (Vlijmen  The Netherlands) . As of May 1  Iperion is operating as Iperion — a Deloitte business . The business will run as part of Deloitte’s Risk Advisory function.
1,Iperion will operate under the ‘Iperion – a Deloitte business’ and continue to operate from its base in Vlijmen  located close to ‘s-Hertogenbosch.
0,Dogger Bank Wind Farm Project Director  Steve Wilson  said: “This tier one contract with the Sif Group and Smulders is the final one to be confirmed by Dogger Bank Wind Farm for the first two phases  and marks a significant milestone for the project.
0,ParkBee  a tech startup with smart technology to open up private car parks to the public  has announced it closed €5 million in funding to scale its business in the UK.
0,Playwire Media  the largest representation firm for reaching gaming and entertainment enthusiasts online  today announced a new partnership with OrangeGames  a leading developer and publisher of gaming content.
0,As a next step  we compared Heijmans' net income growth with the industry  and pleasingly  we found that the growth seen by the company is higher than the average industry growth of 14%.
0,Redwood Software — a leading provider of cloud-based business and IT process automation solutions — announced recently that it raised a €315 million strategic investment from growth equity firm Turn/River Capital.
0,Heijmans (AMS:HEIJM) has had a rough month with its share price down 10.0%.
0,JERUSALEM  Aug 18 (Reuters) - Israel’s Aviation Links said on Tuesday it would start selling vacation packages to Rixos hotels in the United Arab Emirates  the latest deal in the wake of the countries agreeing to normalise relations.
0,Rixos Hotels has marked a major milestone in its Middle East expansion strategy after signing an agreement to manage its largest all-inclusive luxury resort in the world on Egypt's Red Sea Riviera.
0,Dutch firm Waterland Private Equity Investments has raised €2.5 billion for its eighth flagship fund  three months after its launch.
0,Redwood Software — a leading provider of cloud-based business and IT process automation solutions — announced recently that it raised a €315 million strategic investment.
0,Dogger Bank Wind Farm Project Director Steve Wilson said: “This tier one contract with the Sif Group and Smulders is the final one to be confirmed by Dogger Bank Wind Farm for the first two phases  and marks a significant milestone for the project.
0,This probably laid the ground for Heijmans' significant 66% net income growth seen over the past five years.
0,So it seems that Heijmans is reinvesting efficiently in a way that it sees impressive growth in its earnings (discussed above) and pays a dividend that's well covered.
0,Real Madrid Foundation managing director Julio González Ronco and Real Madrid ambassador Álvaro Arbeloa unveiled the collaboration agreement with Be Free Football and Rixos Hotels at the Real Madrid City auditorium.
0,Ohpen  a Netherlands-based company that has built cloud-based core banking software  has raised €15 million in Series B funding  which I understand gives it a valuation of €100 million.
0,Plans by Bevcorp LLC of Willoughby to consolidate from four buildings to one has prompted the sale of the industrial building at 37200 Research Center Drive in Eastlake to an investor group for $4.5 million.
