0,So  to help you out  we have put together a step-by-step guide on how you can change your name on Truecaller  delete your account  edit or remove tags  and more.
0,demolishes the old Selmers Furniture building in Aberdeen next to the Pourhouse  which was also taken down.
0,And I hope someday Selmers rides her fuckin' train
0,Posted: 24 April 2020 | SwipeGuide |
0,The webinar will be hosted by Pig Progress in cooperation with Cargill Animal Nutrition and InnovaFeed  headquartered in France.
0,Some relative unknowns are grabbing significant numbers of customers  such as SalesManago out of Poland  which we featured in a recent overview of up-and-coming marketing automation systems
0,Bruno Chabas  CEO of SBM Offshore  commented:
0,When formulating a ration on net energy  Alltech Coppens says it takes into account these differences in the utilization of digestible energy in the formulation software.
0,Department of Health spokesperson Bruce Macfarlane said Wednesday that 36 cases in total have now been linked to the Delta Hotel.
0,Open the Truecaller app on Android or iOS.
0,As a Participating Organization  Jscrambler adds its voice to the standards development process and will collaborate with a growing community of more than 800 Participating Organizations to improve payment security worldwide.
0,For further information about ETIRA and its work  visit www.etira.org
0,"The publication also features Sovee President Scott Gaskill in an executive ""View from the Top"" outlook on impactful industry trends."
0,Lenders’ applicants will benefit from bank-grade security and retain full control over their personal data  according to Yolt  while the YTS Cashflow Analyser eliminates the risk of fraud in the transfer of financially sensitive data.
0,The new Shippeo mobile application features include:
0,Business developments from 3D Hubs  ABCorp  and Oerlikon
1,FRANKFURT  April 26 (Reuters) - German online spectacles retailer Mister Spex is preparing for a July stock market listing in Frankfurt that could value the firm at more than 1 billion euros ($1.2 billion)  people close to the matter said.
1,Pipedrive Mafia’s dominance in the round was followed by former Pipedrive employees  Kair Kasper and Martin Koiva (now  founders of Klaus)  and even the very first Pipedrive employee  Elar Nellis (now  co-founder of Salto & LIFT99).
1,It’s the latest work by artist Rachel Maclean  unveiled last month at Jupiter Artland  the 120-acre sculpture park owned by collectors Nicky and Robert Wilson just outside of Edinburgh.
1,As people clamored late last month to answer who belongs on rap’s Mount Rushmore of the 2010s  the conversation evolved to who would belong on the Soundcloud rap Rushmore.
1,The lineup also includes Gogol Bordello  Thrice  Circa Survive  The Mighty Mighty Bosstones  Best Coast  The Lawrence Arms  Les Savy Fav  Beach Bunny  Big Freedia  PUP  Andrew W.K.  GWAR  Living Colour  Saves the Day  Thursday  Alex G  Anti-Flag  Fishbone  Fucked Up  HEALTH  White Lung  Ratboys  Beach Goons  Holy Fawn  Ganser  and more.
1,According to Dirac CEO Peter Friedrichsen  this new round of fundraising brings the company’s total valuation to just under $142.2 million.
1,Travis the Translator is a new project on Indiegogo that strips out most of the smartphone fluff to create a simple  portable translation device.
1,The company is also growing nicely on the professional segment with its ManoManoPro vertical.
1,By issuing guidelines calling for European regulators not to ban companies in the sharing space  startups like Peerby (a Dutch peer-to-peer lending platform for household goods) can count on fewer roadblocks as they forecast future growth.
1,Back in April  the Amsterdam-based challenger bank  bunq  expanded its operation into Germany by launching local IBAN (International Bank Account Numbers) for German members to enjoy all of the features of their bank accounts to the fullest.
1,Cardiomatics and the Medical University of Warsaw  Warsaw  Poland are developing a tool for automatic assessment  analysis  and interpretation of electrocardiographic signals (ECG) from paediatric patients.
1,The larger startup in the space is Payfit  which has raised upward of $208.4 million to do something that lots of companies find quite painful.
1,Today  Cisco announced that it has acquired Swedish startup Modcam and is making it part of its Meraki smart camera portfolio with the goal of incorporating Modcam computer vision technology into its portfolio.
1,As India recently celebrated its National Technology Day on May 11  2021  Brainly  polled over 1 500 Indian students.
1,Ogury  a global technology leader in mobile brand advertising  announced today the appointment of Christophe Parcot as chief operating officer.
1,It all started with Ola’s acquisition of the Amsterdam-based EV startup Etergo BV  which had to undergo a fire sale or face bankruptcy.
